text,label
Sports analytics are changing team strategies.,Sports
Renewable energy initiatives are gaining momentum.,Environment
The latest blockbuster movie broke box office records.,Entertainment
The championship game drew a large crowd.,Sports
Universities are integrating technology in classrooms.,Education
Scholarships provide opportunities for many students.,Education
Travel guides offer insights into cultural landmarks.,Travel
Sports analytics are changing team strategies.,Sports
Mental health awareness is increasing among the public.,Health
Ancient art pieces are showcased in the new exhibition.,Culture
TV series stream on multiple platforms.,Entertainment
Travel guides offer insights into cultural landmarks.,Travel
New vaccines are being developed rapidly.,Health
Traditional dance performances captivate audiences.,Culture
Scholarships provide opportunities for many students.,Education
The latest blockbuster movie broke box office records.,Entertainment
Budget airlines make international travel affordable.,Travel
Government policies are undergoing major revisions.,Politics
Athletes broke records at the international tournament.,Sports
Fintech startups disrupt traditional banking.,Finance
Athletes broke records at the international tournament.,Sports
Travel guides offer insights into cultural landmarks.,Travel
The latest blockbuster movie broke box office records.,Entertainment
Healthcare innovations improve patient outcomes.,Health
New vaccines are being developed rapidly.,Health
Scholarships provide opportunities for many students.,Education
Traditional dance performances captivate audiences.,Culture
Mental health awareness is increasing among the public.,Health
Political reforms are under discussion in parliament.,Politics
Investors are cautious about economic uncertainties.,Finance
Election campaigns intensify as debates heat up.,Politics
Healthcare innovations improve patient outcomes.,Health
Mental health awareness is increasing among the public.,Health
Investors are cautious about economic uncertainties.,Finance
Scholarships provide opportunities for many students.,Education
Tourism is rebounding post-pandemic.,Travel
Online courses have revolutionized learning.,Education
Traditional dance performances captivate audiences.,Culture
The championship game drew a large crowd.,Sports
Concert tours attract fans globally.,Entertainment
Cybersecurity is a top priority for tech companies.,Technology
Athletes broke records at the international tournament.,Sports
The stock market showed significant gains today.,Finance
The championship game drew a large crowd.,Sports
Advancements in AI are transforming industries.,Technology
Sports analytics are changing team strategies.,Sports
Environmental policies focus on reducing carbon emissions.,Environment
Traditional dance performances captivate audiences.,Culture
Renewable energy initiatives are gaining momentum.,Environment
Political reforms are under discussion in parliament.,Politics
Mental health awareness is increasing among the public.,Health
Tourism is rebounding post-pandemic.,Travel
Government policies are undergoing major revisions.,Politics
Concert tours attract fans globally.,Entertainment
Investors are cautious about economic uncertainties.,Finance
TV series stream on multiple platforms.,Entertainment
New smartphones feature cutting-edge technology.,Technology
Cybersecurity is a top priority for tech companies.,Technology
Travel guides offer insights into cultural landmarks.,Travel
New vaccines are being developed rapidly.,Health
Sports analytics are changing team strategies.,Sports
Tourism is rebounding post-pandemic.,Travel
The championship game drew a large crowd.,Sports
Cultural festivals celebrate heritage and diversity.,Culture
Government policies are undergoing major revisions.,Politics
Universities are integrating technology in classrooms.,Education
Sports analytics are changing team strategies.,Sports
Efforts to conserve natural resources are on the rise.,Environment
Political reforms are under discussion in parliament.,Politics
Ancient art pieces are showcased in the new exhibition.,Culture
Cybersecurity is a top priority for tech companies.,Technology
Mental health awareness is increasing among the public.,Health
Environmental policies focus on reducing carbon emissions.,Environment
Renewable energy initiatives are gaining momentum.,Environment
Fintech startups disrupt traditional banking.,Finance
Universities are integrating technology in classrooms.,Education
Advancements in AI are transforming industries.,Technology
Government policies are undergoing major revisions.,Politics
Scholarships provide opportunities for many students.,Education
Investors are cautious about economic uncertainties.,Finance
Efforts to conserve natural resources are on the rise.,Environment
Investors are cautious about economic uncertainties.,Finance
Concert tours attract fans globally.,Entertainment
New smartphones feature cutting-edge technology.,Technology
Mental health awareness is increasing among the public.,Health
Advancements in AI are transforming industries.,Technology
New vaccines are being developed rapidly.,Health
Cultural festivals celebrate heritage and diversity.,Culture
Renewable energy initiatives are gaining momentum.,Environment
Online courses have revolutionized learning.,Education
Investors are cautious about economic uncertainties.,Finance
Online courses have revolutionized learning.,Education
New smartphones feature cutting-edge technology.,Technology
Environmental policies focus on reducing carbon emissions.,Environment
Election campaigns intensify as debates heat up.,Politics
The stock market showed significant gains today.,Finance
Online courses have revolutionized learning.,Education
The latest blockbuster movie broke box office records.,Entertainment
Advancements in AI are transforming industries.,Technology
Fintech startups disrupt traditional banking.,Finance
Political reforms are under discussion in parliament.,Politics
TV series stream on multiple platforms.,Entertainment
Healthcare innovations improve patient outcomes.,Health
Online courses have revolutionized learning.,Education
Tourism is rebounding post-pandemic.,Travel
Fintech startups disrupt traditional banking.,Finance
Traditional dance performances captivate audiences.,Culture
Online courses have revolutionized learning.,Education
Advancements in AI are transforming industries.,Technology
Budget airlines make international travel affordable.,Travel
Government policies are undergoing major revisions.,Politics
Universities are integrating technology in classrooms.,Education
Concert tours attract fans globally.,Entertainment
TV series stream on multiple platforms.,Entertainment
New vaccines are being developed rapidly.,Health
Fintech startups disrupt traditional banking.,Finance
New smartphones feature cutting-edge technology.,Technology
TV series stream on multiple platforms.,Entertainment
Online courses have revolutionized learning.,Education
Mental health awareness is increasing among the public.,Health
Advancements in AI are transforming industries.,Technology
Government policies are undergoing major revisions.,Politics
Ancient art pieces are showcased in the new exhibition.,Culture
Efforts to conserve natural resources are on the rise.,Environment
Mental health awareness is increasing among the public.,Health
Traditional dance performances captivate audiences.,Culture
Sports analytics are changing team strategies.,Sports
Election campaigns intensify as debates heat up.,Politics
Budget airlines make international travel affordable.,Travel
Government policies are undergoing major revisions.,Politics
Ancient art pieces are showcased in the new exhibition.,Culture
Renewable energy initiatives are gaining momentum.,Environment
Mental health awareness is increasing among the public.,Health
Fintech startups disrupt traditional banking.,Finance
The championship game drew a large crowd.,Sports
Ancient art pieces are showcased in the new exhibition.,Culture
Cultural festivals celebrate heritage and diversity.,Culture
Athletes broke records at the international tournament.,Sports
The stock market showed significant gains today.,Finance
Fintech startups disrupt traditional banking.,Finance
Efforts to conserve natural resources are on the rise.,Environment
Universities are integrating technology in classrooms.,Education
The latest blockbuster movie broke box office records.,Entertainment
Mental health awareness is increasing among the public.,Health
Political reforms are under discussion in parliament.,Politics
The latest blockbuster movie broke box office records.,Entertainment
Efforts to conserve natural resources are on the rise.,Environment
Environmental policies focus on reducing carbon emissions.,Environment
Sports analytics are changing team strategies.,Sports
Political reforms are under discussion in parliament.,Politics
Traditional dance performances captivate audiences.,Culture
Concert tours attract fans globally.,Entertainment
Cultural festivals celebrate heritage and diversity.,Culture
Efforts to conserve natural resources are on the rise.,Environment
Cultural festivals celebrate heritage and diversity.,Culture
Cybersecurity is a top priority for tech companies.,Technology
Tourism is rebounding post-pandemic.,Travel
Environmental policies focus on reducing carbon emissions.,Environment
Tourism is rebounding post-pandemic.,Travel
Tourism is rebounding post-pandemic.,Travel
Tourism is rebounding post-pandemic.,Travel
The championship game drew a large crowd.,Sports
Cultural festivals celebrate heritage and diversity.,Culture
Cultural festivals celebrate heritage and diversity.,Culture
Renewable energy initiatives are gaining momentum.,Environment
New smartphones feature cutting-edge technology.,Technology
Government policies are undergoing major revisions.,Politics
Efforts to conserve natural resources are on the rise.,Environment
Scholarships provide opportunities for many students.,Education
Government policies are undergoing major revisions.,Politics
New smartphones feature cutting-edge technology.,Technology
Scholarships provide opportunities for many students.,Education
The latest blockbuster movie broke box office records.,Entertainment
Political reforms are under discussion in parliament.,Politics
Government policies are undergoing major revisions.,Politics
Tourism is rebounding post-pandemic.,Travel
Online courses have revolutionized learning.,Education
Travel guides offer insights into cultural landmarks.,Travel
New smartphones feature cutting-edge technology.,Technology
Tourism is rebounding post-pandemic.,Travel
The latest blockbuster movie broke box office records.,Entertainment
Travel guides offer insights into cultural landmarks.,Travel
The latest blockbuster movie broke box office records.,Entertainment
Advancements in AI are transforming industries.,Technology
Mental health awareness is increasing among the public.,Health
Athletes broke records at the international tournament.,Sports
The stock market showed significant gains today.,Finance
Cybersecurity is a top priority for tech companies.,Technology
Cybersecurity is a top priority for tech companies.,Technology
Sports analytics are changing team strategies.,Sports
TV series stream on multiple platforms.,Entertainment
Investors are cautious about economic uncertainties.,Finance
Tourism is rebounding post-pandemic.,Travel
Cultural festivals celebrate heritage and diversity.,Culture
Mental health awareness is increasing among the public.,Health
The stock market showed significant gains today.,Finance
Athletes broke records at the international tournament.,Sports
Environmental policies focus on reducing carbon emissions.,Environment
Efforts to conserve natural resources are on the rise.,Environment
Fintech startups disrupt traditional banking.,Finance
